{"mu": 148.41408175825657, "alpha": 0.9999979694319593, "beta": 3.11857077852359e-08, "sigma": 0.5}